column_email_1,column_email_2,column_email_3,column_email_4,column_email_5,column_email_6,column_email_7,column_email_8,column_email_9,column_email_10
Staceyblue-eyed@yandex.ru,filthyJerry@t-online.de,livelyClaire31@ig.com.br,cleanDanny48@yahoo.in,,,,,,
Devonpowerful@yahoo.co.uk,jealousRandall@yahoo.com.br,blue-eyedNikki@terra.com.br,agreeableJesus@mac.com,,,,,,
goodJill4@home.nl,tiredKatrina@bol.com.br,hilariousJorge76@orange.fr,oddLaura@yahoo.co.jp,,,,,,
zanyRamon@msn.com,vivaciousBrandi@yandex.ru,talentedJoanna44@charter.net,arrogantBrianna@yahoo.co.uk,,,,,,
Lindacrazy@yahoo.com,modernHeather86@bigpond.com,lazyEmily96@free.fr,Charlottebewildered@yahoo.co.uk,,,,,,
adventurousRaul36@yahoo.es,Royhilarious@uol.com.br,zanyLinda@ymail.com,Mistywandering@googlemail.com,,,,,,
cleanDanny48@yahoo.in,Joshuagifted@yahoo.com.au,Luisdefiant@mail.com,,,,,,,
agreeableJesus@mac.com,scaryCassie@yahoo.it,richTabitha@yahoo.com.sg,,,Joshuagifted@yahoo.com.au,,,,
oddLaura@yahoo.co.jp,lightWayne@hetnet.nl,Marvinputrid@bellsouth.net,,,scaryCassie@yahoo.it,,,,
arrogantBrianna@yahoo.co.uk,uglyCaitlin@bellsouth.net,spotlessAnthony54@bluewin.ch,,,lightWayne@hetnet.nl,,,,
Charlottebewildered@yahoo.co.uk,quaintLatoya@earthlink.net,strangeKyle49@bol.com.br,,,uglyCaitlin@bellsouth.net,,,,
Mistywandering@googlemail.com,hungryAntonio89@hotmail.es,preciousJimmy@aliceadsl.fr,,,quaintLatoya@earthlink.net,,,,
Sabrinaawful@club-internet.fr,Reginatough@live.fr,Erikafrantic@yahoo.in,,,hungryAntonio89@hotmail.es,,,,
determinedChristy25@sbcglobal.net,Cassieunsightly@bigpond.net.au,gorgeousCaitlin69@bigpond.net.au,,,Reginatough@live.fr,,,,
goodShane81@cox.net,sillyCarlos@yahoo.com.sg,charmingAlexander@yahoo.co.jp,,,Cassieunsightly@bigpond.net.au,,,,
evilRandi@comcast.net,busyDiane13@tiscali.it,Colinbrainy@orange.fr,,,sillyCarlos@yahoo.com.sg,,,,
Victoriahilarious@wanadoo.fr,toughDale@tiscali.it,quaintJenny@juno.com,,,busyDiane13@tiscali.it,,,,
Josetired@hetnet.nl,Cassandrablushing@mail.com,fairRegina63@me.com,,,toughDale@tiscali.it,,,,
determinedErik93@yahoo.co.id,dizzyJerry@hotmail.it,creepyKristin@gmx.net,,,Cassandrablushing@mail.com,,,,
pleasantKara88@web.de,shinyStephen@hotmail.es,Melissawicked@telenet.be,,,,,,,
annoyedJordan76@aliceadsl.fr,embarrassedMindy23@ymail.com,Craigthankful@hotmail.fr,,,,,,,
blueTrevor@optusnet.com.au,poisedChristina68@yahoo.es,easyLeslie56@sbcglobal.net,,,,,,,
grumpyJose50@sbcglobal.net,breakableRobin@att.net,Mauricesparkling@mac.com,,,,,,,
tiredMitchell55@yandex.ru,confusedCorey78@googlemail.com,kindMelody@bluewin.ch,,,,,,,
aliveNina20@planet.nl,drabTheodore29@yahoo.it,calmLevi@club-internet.fr,,,,,,,
thoughtlessChristie80@chello.nl,thankfulMelody@centurytel.net,Ruthmisty@bigpond.net.au,,,,,,,
giftedCandace@ntlworld.com,Lisahurt@live.nl,scaryJessie@bellsouth.net,,,,,,,
clumsyKate57@facebook.com,Victoriafine@wanadoo.fr,richDeanna@live.fr,,,,,,,
tenderHector@aol.com,Trishabloody@yahoo.com.ar,Samanthainquisitive@skynet.be,,,,,,,
hilariousDonald@bellsouth.net,nuttyJanelle19@yahoo.com.sg,Danieljolly@hotmail.com,,,,,,,
magnificentKeri69@yandex.ru,lonelyJesus15@club-internet.fr,faithfulWendy60@googlemail.com,,,,,,,
colorfulTheodore@bellsouth.net,defiantEric55@outlook.com,Henrykind@yahoo.in,,,,,,,
disgustedSavannah@yahoo.co.jp,Ebonyugliest@yandex.ru,frailToni@yahoo.com.ar,,,,,,,
Tashacareful@aol.com,Michellearrogant@centurytel.net,difficultAnna20@msn.com,,,,,,,
Calebbeautiful@qq.com,hurtDana@yahoo.com.ar,brightDonna12@yandex.ru,,,,,,,
wickedJesus84@ig.com.br,lonelyVictoria31@zonnet.nl,doubtfulCarlos@web.de,,arrogantBrianna@yahoo.co.uk,,,,,
Aliciablushing@centurytel.net,Timothymysterious@aliceadsl.fr,mushyAmber4@uol.com.br,,Charlottebewildered@yahoo.co.uk,,,,,
gorgeousSpencer@sky.com,strangeCarla@live.ca,Clairepowerful@hotmail.com,,Mistywandering@googlemail.com,,,,,
pleasantRicky83@planet.nl,zealousDonald83@qq.com,vastAmber@hotmail.fr,,Sabrinaawful@club-internet.fr,,livelyClaire31@ig.com.br,,,
disgustedPeter@bigpond.net.au,Brittanybusy@tiscali.it,Keithrelieved@hotmail.co.uk,,determinedChristy25@sbcglobal.net,,blue-eyedNikki@terra.com.br,,,
Lucasproud@tiscali.co.uk,Rebeccabusy@aol.com,ugliestRenee66@aol.com,,goodShane81@cox.net,,hilariousJorge76@orange.fr,,,
horribleJerome@aol.com,Ashleighmagnificent@yandex.ru,Kristiodd@bol.com.br,,evilRandi@comcast.net,,talentedJoanna44@charter.net,,,
nervousCraig@googlemail.com,tiredTerry@alice.it,naughtyAmber62@chello.nl,,Victoriahilarious@wanadoo.fr,,lazyEmily96@free.fr,,,
cleanKristine50@freenet.de,panickyDale52@bigpond.net.au,Jacquelyneasy@live.fr,,,,zanyLinda@ymail.com,,,
Trishahandsome@chello.nl,Edwinbusy@ig.com.br,wanderingHillary74@aliceadsl.fr,,,,,,,
charmingJonathan96@shaw.ca,foolishOlivia34@hotmail.de,frightenedKatelyn47@arcor.de,,,,,pleasantRicky83@planet.nl,,
Micheleannoyed@hotmail.de,cautiousLindsey@rediffmail.com,Kristophershiny@live.co.uk,,,,,disgustedPeter@bigpond.net.au,,
Kennethvictorious@hotmail.co.uk,Hectorprecious@yahoo.de,comfortableShana97@earthlink.net,,,,,Lucasproud@tiscali.co.uk,,
Sandraplain@hotmail.es,sillyPatricia@rocketmail.com,differentJorge6@hotmail.it,,,,,horribleJerome@aol.com,,
differentLeah52@msn.com,Darrenodd@t-online.de,faithfulGlenn@ntlworld.com,,,,,nervousCraig@googlemail.com,,
sparklingKathryn69@yahoo.com.ar,Jacquelynprecious@qq.com,joyousKarl@aim.com,,,,,cleanKristine50@freenet.de,,
enthusiasticValerie85@centurytel.net,Waltergrieving@shaw.ca,zealousDenise55@sympatico.ca,,,,,Trishahandsome@chello.nl,,
Staceynasty@earthlink.net,Candicedisturbed@yandex.ru,scaryKathryn42@hotmail.de,,,,,charmingJonathan96@shaw.ca,,
expensiveLevi86@yahoo.es,Garrettfunny@web.de,foolishMaggie@hotmail.fr,,,,,,,
tastySuzanne4@outlook.com,old-fashionedLarry@rediffmail.com,Marcomysterious@yahoo.it,,,,,,Jacquelynprecious@qq.com,
wildAndrew78@frontiernet.net,helplessMayra@hotmail.it,Randyblack@hotmail.co.uk,,,,,,Waltergrieving@shaw.ca,
kindMelissa@sfr.fr,fineSara@frontiernet.net,blackShaun@terra.com.br,,,,,,Candicedisturbed@yandex.ru,
Karenadorable@yahoo.ca,unsightlyMarisa@yahoo.com.mx,scaryDrew53@hotmail.es,,,,,,Garrettfunny@web.de,
defiantReginald84@home.nl,wickedAlexandra46@gmx.net,thoughtfulKristina@sfr.fr,,,,,,old-fashionedLarry@rediffmail.com,
mistyAmber82@earthlink.net,Nicolepleasant@earthlink.net,gentleSophia49@hotmail.es,,,,dgdshd@f,,helplessMayra@hotmail.it,
homelessAlexander75@yahoo.com.au,Phillipnasty@t-online.de,exuberantMary43@facebook.com,,,,,,fineSara@frontiernet.net,
obnoxiousJared99@neuf.fr,arrogantMargaret10@chello.nl,troubledSheila37@live.com,,,,,,unsightlyMarisa@yahoo.com.mx,
inexpensiveEvelyn@bigpond.com,boredSteve@windstream.net,,,,,,,wickedAlexandra46@gmx.net,
determinedJill@tiscali.it,distinctBarry@ig.com.br,,,,,,,Nicolepleasant@earthlink.net,
Jorgenaughty@juno.com,amusedKendra29@mac.com,,,,,,,,
horribleMicheal@hotmail.it,boredMark50@ntlworld.com,,,,,,,,
gracefulJon91@juno.com,Hectordifferent@mail.com,,,,asdsdf,,,,
giftedCindy@arcor.de,longCourtney@live.co.uk,,,,,,,,cooperativeNicolas41@gmx.de
lonelyGregory@live.com,nuttyBradley41@tiscali.it,,,,,,,,openKara70@blueyonder.co.uk
clearTina57@outlook.com,impossibleAimee@yahoo.it,,,,,,,,stupidKristi@sky.com
Oscartired@bigpond.com,Ianfrail@yahoo.co.jp,blackTony42@planet.nl,,,,,123qdf,,mushyCassie@freenet.de
dizzyMisty@outlook.com,openTyler78@club-internet.fr,lovelyMarcus@uol.com.br,,,,,,,wittyDonna21@yahoo.com
Martinfilthy@bol.com.br,motionlessDustin65@tiscali.co.uk,attractiveTony21@uol.com.br,,,,,,,Courtneyvast@uol.com.br
betterManuel@yahoo.com.mx,illMandy60@googlemail.com,Devinmushy@planet.nl,,,,,,,Virginiaalive@hetnet.nl
horribleKayla@juno.com,distinctLawrence18@charter.net,Bethtender@centurytel.net,,,,,,,goodAlan@sky.com
brainyLinda60@live.it,oddCalvin@ntlworld.com,pleasantCarrie88@club-internet.fr,,,,,,,
openAndrew5@bluewin.ch,importantKate@live.co.uk,doubtfulJacquelyn@hotmail.de,,,,,,,
illDaniel78@mac.com,Scottnaughty@yahoo.de,soreKatrina20@yahoo.com.br,,,,,,,
kindAdam17@mac.com,superDeborah51@hotmail.it,Sabrinadefeated@sfr.fr,,,,,,,
innocentCalvin@tiscali.co.uk,clumsyNatasha41@optonline.net,brainyTheodore24@live.com.au,,,,,,,
niceBradley@yahoo.fr,aliveAdam@live.ca,powerfulTracy@web.de,,,,,,,
determinedClaudia@live.it,wittyHenry@yahoo.com.au,Tristanrepulsive@live.fr,,,,,,,
Jackjealous@yahoo.in,confusedBrittney@mail.com,Armandofierce@charter.net,,,,,,,
richBridget@bellsouth.net,Brycefriendly@gmail.com,tastyKaitlin@ymail.com,,,,,,,
gentleTanya28@telenet.be,worriedColleen78@bellsouth.net,Jerryeager@sky.com,,,,,,,
differentCharles@libero.it,Karlfilthy@yahoo.co.jp,Sandracurious@aliceadsl.fr,,,,,,,
colorfulAlison@terra.com.br,cuteErik@tiscali.co.uk,Donnaeasy@tin.it,,,,,,,
Aimeedizzy@aliceadsl.fr,Pameladifferent@centurytel.net,upsetKayla88@t-online.de,,,,,,,
Georgehealthy@yandex.ru,determinedSuzanne@windstream.net,adorableWendy1@planet.nl,,,,,,,
Sheenaaverage@shaw.ca,quaintRebekah66@virgilio.it,exuberantDylan96@mac.com,,,,,,,
bewilderedMolly@virgilio.it,Adriennevast@yahoo.co.jp,curiousRoy@bol.com.br,,,,,,,
anxiousDonna56@charter.net,aliveCarl11@centurytel.net,Aprilhomely@planet.nl,,,,,,,
defiantMiguel77@tin.it,unusualMicheal@rambler.ru,Ramondark@skynet.be,,,dfgdfgf@@@,,,,
Manuelcurious@facebook.com,Krystalhandsome@free.fr,cleanPaul@centurytel.net,,,,,,,
Heididisturbed@yahoo.com.mx,crowdedKevin@tiscali.it,Ambersuccessful@optonline.net,,,,fdfgfd.com,,,
colorfulJared@ntlworld.com,disturbedLucas@mac.com,Pauladefiant@t-online.de,,,,,,,
betterAdriana3@windstream.net,happyPaul30@rocketmail.com,Ryangorgeous@mail.com,,,,,,,
wrongKurt@planet.nl,puzzledBryce@yahoo.com.br,outstandingBenjamin@alice.it,,,,,,,
difficultTabitha@outlook.com,cautiousAdam@t-online.de,goodAudrey@bol.com.br,,,,,,,
Marienutty@voila.fr,Margaretarrogant@tiscali.co.uk,Colleendelightful@hetnet.nl,,,,,,,
